[{"model": "admin_interface.theme", "pk": 1, "fields": {"name": "Django", "active": true, "title": "Django administration", "title_color": "#F5DD5D", "title_visible": true, "logo": "", "logo_color": "#FFFFFF", "logo_max_width": 400, "logo_max_height": 100, "logo_visible": true, "favicon": "", "env_name": "", "env_color": "#E74C3C", "env_visible_in_header": true, "env_visible_in_favicon": true, "language_chooser_active": true, "language_chooser_display": "code", "css_header_background_color": "#0C4B33", "css_header_text_color": "#44B78B", "css_header_link_color": "#FFFFFF", "css_header_link_hover_color": "#C9F0DD", "css_module_background_color": "#44B78B", "css_module_background_selected_color": "#FFFFCC", "css_module_text_color": "#FFFFFF", "css_module_link_color": "#FFFFFF", "css_module_link_selected_color": "#FFFFFF", "css_module_link_hover_color": "#C9F0DD", "css_module_rounded_corners": true, "css_generic_link_color": "#0C3C26", "css_generic_link_hover_color": "#156641", "css_save_button_background_color": "#0C4B33", "css_save_button_background_hover_color": "#0C3C26", "css_save_button_text_color": "#FFFFFF", "css_delete_button_background_color": "#BA2121", "css_delete_button_background_hover_color": "#A41515", "css_delete_button_text_color": "#FFFFFF", "related_modal_active": true, "related_modal_background_color": "#000000", "related_modal_background_opacity": "0.3", "related_modal_rounded_corners": true, "related_modal_close_button_visible": true, "list_filter_dropdown": true, "list_filter_sticky": true, "foldable_apps": true, "recent_actions_visible": true, "form_submit_sticky": false, "form_pagination_sticky": false}}, {"model": "auth.permission", "pk": 1, "fields": {"name": "Can add Theme", "content_type": 1, "codename": "add_theme"}}, {"model": "auth.permission", "pk": 2, "fields": {"name": "Can change Theme", "content_type": 1, "codename": "change_theme"}}, {"model": "auth.permission", "pk": 3, "fields": {"name": "Can delete Theme", "content_type": 1, "codename": "delete_theme"}}, {"model": "auth.permission", "pk": 4, "fields": {"name": "Can view Theme", "content_type": 1, "codename": "view_theme"}}, {"model": "auth.permission", "pk": 5, "fields": {"name": "Can add log entry", "content_type": 2, "codename": "add_logentry"}}, {"model": "auth.permission", "pk": 6, "fields": {"name": "Can change log entry", "content_type": 2, "codename": "change_logentry"}}, {"model": "auth.permission", "pk": 7, "fields": {"name": "Can delete log entry", "content_type": 2, "codename": "delete_logentry"}}, {"model": "auth.permission", "pk": 8, "fields": {"name": "Can view log entry", "content_type": 2, "codename": "view_logentry"}}, {"model": "auth.permission", "pk": 9, "fields": {"name": "Can add permission", "content_type": 3, "codename": "add_permission"}}, {"model": "auth.permission", "pk": 10, "fields": {"name": "Can change permission", "content_type": 3, "codename": "change_permission"}}, {"model": "auth.permission", "pk": 11, "fields": {"name": "Can delete permission", "content_type": 3, "codename": "delete_permission"}}, {"model": "auth.permission", "pk": 12, "fields": {"name": "Can view permission", "content_type": 3, "codename": "view_permission"}}, {"model": "auth.permission", "pk": 13, "fields": {"name": "Can add group", "content_type": 4, "codename": "add_group"}}, {"model": "auth.permission", "pk": 14, "fields": {"name": "Can change group", "content_type": 4, "codename": "change_group"}}, {"model": "auth.permission", "pk": 15, "fields": {"name": "Can delete group", "content_type": 4, "codename": "delete_group"}}, {"model": "auth.permission", "pk": 16, "fields": {"name": "Can view group", "content_type": 4, "codename": "view_group"}}, {"model": "auth.permission", "pk": 17, "fields": {"name": "Can add user", "content_type": 5, "codename": "add_user"}}, {"model": "auth.permission", "pk": 18, "fields": {"name": "Can change user", "content_type": 5, "codename": "change_user"}}, {"model": "auth.permission", "pk": 19, "fields": {"name": "Can delete user", "content_type": 5, "codename": "delete_user"}}, {"model": "auth.permission", "pk": 20, "fields": {"name": "Can view user", "content_type": 5, "codename": "view_user"}}, {"model": "auth.permission", "pk": 21, "fields": {"name": "Can add content type", "content_type": 6, "codename": "add_contenttype"}}, {"model": "auth.permission", "pk": 22, "fields": {"name": "Can change content type", "content_type": 6, "codename": "change_contenttype"}}, {"model": "auth.permission", "pk": 23, "fields": {"name": "Can delete content type", "content_type": 6, "codename": "delete_contenttype"}}, {"model": "auth.permission", "pk": 24, "fields": {"name": "Can view content type", "content_type": 6, "codename": "view_contenttype"}}, {"model": "auth.permission", "pk": 25, "fields": {"name": "Can add session", "content_type": 7, "codename": "add_session"}}, {"model": "auth.permission", "pk": 26, "fields": {"name": "Can change session", "content_type": 7, "codename": "change_session"}}, {"model": "auth.permission", "pk": 27, "fields": {"name": "Can delete session", "content_type": 7, "codename": "delete_session"}}, {"model": "auth.permission", "pk": 28, "fields": {"name": "Can view session", "content_type": 7, "codename": "view_session"}}, {"model": "auth.permission", "pk": 29, "fields": {"name": "Can add ingredient", "content_type": 8, "codename": "add_ingredient"}}, {"model": "auth.permission", "pk": 30, "fields": {"name": "Can change ingredient", "content_type": 8, "codename": "change_ingredient"}}, {"model": "auth.permission", "pk": 31, "fields": {"name": "Can delete ingredient", "content_type": 8, "codename": "delete_ingredient"}}, {"model": "auth.permission", "pk": 32, "fields": {"name": "Can view ingredient", "content_type": 8, "codename": "view_ingredient"}}, {"model": "auth.permission", "pk": 33, "fields": {"name": "Can add menu item", "content_type": 9, "codename": "add_menuitem"}}, {"model": "auth.permission", "pk": 34, "fields": {"name": "Can change menu item", "content_type": 9, "codename": "change_menuitem"}}, {"model": "auth.permission", "pk": 35, "fields": {"name": "Can delete menu item", "content_type": 9, "codename": "delete_menuitem"}}, {"model": "auth.permission", "pk": 36, "fields": {"name": "Can view menu item", "content_type": 9, "codename": "view_menuitem"}}, {"model": "auth.permission", "pk": 37, "fields": {"name": "Can add purchase", "content_type": 10, "codename": "add_purchase"}}, {"model": "auth.permission", "pk": 38, "fields": {"name": "Can change purchase", "content_type": 10, "codename": "change_purchase"}}, {"model": "auth.permission", "pk": 39, "fields": {"name": "Can delete purchase", "content_type": 10, "codename": "delete_purchase"}}, {"model": "auth.permission", "pk": 40, "fields": {"name": "Can view purchase", "content_type": 10, "codename": "view_purchase"}}, {"model": "auth.permission", "pk": 41, "fields": {"name": "Can add recipe requirement", "content_type": 11, "codename": "add_reciperequirement"}}, {"model": "auth.permission", "pk": 42, "fields": {"name": "Can change recipe requirement", "content_type": 11, "codename": "change_reciperequirement"}}, {"model": "auth.permission", "pk": 43, "fields": {"name": "Can delete recipe requirement", "content_type": 11, "codename": "delete_reciperequirement"}}, {"model": "auth.permission", "pk": 44, "fields": {"name": "Can view recipe requirement", "content_type": 11, "codename": "view_reciperequirement"}}, {"model": "auth.user", "pk": 1, "fields": {"password": "pbkdf2_sha256$260000$DlxutRHcZOCAtNQv8xBILL$0yZUJkVTyBe1BRrJRYSSEBYN9GDuNFKht138LYNkl+0=", "last_login": "2022-02-10T16:28:32.279Z", "is_superuser": false, "username": "testuser", "first_name": "", "last_name": "", "email": "", "is_staff": false, "is_active": true, "date_joined": "2022-02-10T16:28:11.656Z", "groups": [], "user_permissions": []}}, {"model": "auth.user", "pk": 2, "fields": {"password": "pbkdf2_sha256$260000$Ar41fUXjh8II4b4zDxGAfu$eGt/6b1OpDkPh5MMnmq+7vF6N02lDRhZXejqYuWT4eM=", "last_login": "2022-02-10T19:10:41.714Z", "is_superuser": true, "username": "james", "first_name": "", "last_name": "", "email": "33947683+iamjameswalters@users.noreply.github.com", "is_staff": true, "is_active": true, "date_joined": "2022-02-10T19:10:31.202Z", "groups": [], "user_permissions": []}}, {"model": "contenttypes.contenttype", "pk": 1, "fields": {"app_label": "admin_interface", "model": "theme"}}, {"model": "contenttypes.contenttype", "pk": 2, "fields": {"app_label": "admin", "model": "logentry"}}, {"model": "contenttypes.contenttype", "pk": 3, "fields": {"app_label": "auth", "model": "permission"}}, {"model": "contenttypes.contenttype", "pk": 4, "fields": {"app_label": "auth", "model": "group"}}, {"model": "contenttypes.contenttype", "pk": 5, "fields": {"app_label": "auth", "model": "user"}}, {"model": "contenttypes.contenttype", "pk": 6, "fields": {"app_label": "contenttypes", "model": "contenttype"}}, {"model": "contenttypes.contenttype", "pk": 7, "fields": {"app_label": "sessions", "model": "session"}}, {"model": "contenttypes.contenttype", "pk": 8, "fields": {"app_label": "inventory", "model": "ingredient"}}, {"model": "contenttypes.contenttype", "pk": 9, "fields": {"app_label": "inventory", "model": "menuitem"}}, {"model": "contenttypes.contenttype", "pk": 10, "fields": {"app_label": "inventory", "model": "purchase"}}, {"model": "contenttypes.contenttype", "pk": 11, "fields": {"app_label": "inventory", "model": "reciperequirement"}}, {"model": "sessions.session", "pk": "3g4uy2w4f48g86o9pwdokmepxpt1bsm7", "fields": {"session_data": ".eJxVjMsOwiAQRf-FtSG8Cy7d-w1khgGpGkhKuzL-uzbpQrf3nHNfLMK21riNvMSZ2JkpdvrdENIjtx3QHdqt89TbuszId4UfdPBrp_y8HO7fQYVRv_VktHNISgvhwUiiUJI1WiIl9GiTVAEkQinBeXQCtZ6CElaHJEACOvb-ANwzN7o:1nIEq1:t9bgiPckP5aJPSp17vbLVP8ohqByZWF9U2JB5r3NOLg", "expire_date": "2022-02-24T19:10:41.992Z"}}, {"model": "inventory.ingredient", "pk": 1, "fields": {"name": "Bread", "quantity": 20.0, "unit": "slice", "price_per_unit": "0.08"}}, {"model": "inventory.ingredient", "pk": 2, "fields": {"name": "American Cheese", "quantity": 17.0, "unit": "slice", "price_per_unit": "0.10"}}, {"model": "inventory.ingredient", "pk": 3, "fields": {"name": "Butter", "quantity": 60.0, "unit": "ounce", "price_per_unit": "0.03"}}, {"model": "inventory.ingredient", "pk": 4, "fields": {"name": "Grapes", "quantity": 25.0, "unit": "grape", "price_per_unit": "0.15"}}, {"model": "inventory.ingredient", "pk": 5, "fields": {"name": "Peaches", "quantity": 10.0, "unit": "ounce", "price_per_unit": "0.50"}}, {"model": "inventory.ingredient", "pk": 6, "fields": {"name": "Pears", "quantity": 10.0, "unit": "ounce", "price_per_unit": "0.15"}}, {"model": "inventory.ingredient", "pk": 7, "fields": {"name": "Oranges", "quantity": 10.0, "unit": "ounce", "price_per_unit": "0.20"}}, {"model": "inventory.ingredient", "pk": 8, "fields": {"name": "Cantaloupe", "quantity": 10.0, "unit": "ounce", "price_per_unit": "0.35"}}, {"model": "inventory.ingredient", "pk": 9, "fields": {"name": "Watermelon", "quantity": 26.0, "unit": "ounce", "price_per_unit": "0.10"}}, {"model": "inventory.ingredient", "pk": 10, "fields": {"name": "Macaroni", "quantity": 24.0, "unit": "ounce", "price_per_unit": "0.12"}}, {"model": "inventory.ingredient", "pk": 11, "fields": {"name": "Grape Jelly", "quantity": 12.0, "unit": "ounce", "price_per_unit": "0.12"}}, {"model": "inventory.ingredient", "pk": 12, "fields": {"name": "Peanut Butter", "quantity": 12.0, "unit": "ounce", "price_per_unit": "0.25"}}, {"model": "inventory.ingredient", "pk": 13, "fields": {"name": "Steak", "quantity": 0.0, "unit": "steak", "price_per_unit": "5.00"}}, {"model": "inventory.ingredient", "pk": 14, "fields": {"name": "Potatoes", "quantity": 4.0, "unit": "ounce", "price_per_unit": "0.05"}}, {"model": "inventory.ingredient", "pk": 15, "fields": {"name": "Orange Jelly", "quantity": 80.0, "unit": "gram", "price_per_unit": "0.02"}}, {"model": "inventory.ingredient", "pk": 16, "fields": {"name": "Eggs", "quantity": 11.0, "unit": "egg", "price_per_unit": "0.20"}}, {"model": "inventory.ingredient", "pk": 17, "fields": {"name": "Cane Sugar", "quantity": 14.5, "unit": "ounce", "price_per_unit": "0.40"}}, {"model": "inventory.ingredient", "pk": 18, "fields": {"name": "Flour", "quantity": 23.0, "unit": "ounce", "price_per_unit": "0.10"}}, {"model": "inventory.ingredient", "pk": 19, "fields": {"name": "Milk Chocolate", "quantity": 26.0, "unit": "ounce", "price_per_unit": "0.15"}}, {"model": "inventory.menuitem", "pk": 1, "fields": {"name": "Grilled Cheese", "price": "3.00", "description": "Melty cheese between two crispy, buttery slices of bread.", "image": "menu_images/2022/02/10/480px-Grilled_cheese_sandwich_on_white_plate.jpg"}}, {"model": "inventory.menuitem", "pk": 2, "fields": {"name": "Fruit Salad", "price": "2.25", "description": "Yummy, yummy!", "image": "menu_images/2022/02/10/47835781931_54bbf06bc7_w.jpg"}}, {"model": "inventory.menuitem", "pk": 3, "fields": {"name": "Mac & Cheese", "price": "5.00", "description": "Italy's finest export.", "image": "menu_images/2022/02/10/6027750150_06b4ed1c9f_w.jpg"}}, {"model": "inventory.menuitem", "pk": 4, "fields": {"name": "Django Djaffa Cake", "price": "6.00", "description": "A chocolatey orange delight, in celebration of a fantastic web framework!", "image": "menu_images/2022/02/10/32670469447_b4e0442774_w.jpg"}}, {"model": "inventory.menuitem", "pk": 5, "fields": {"name": "Peanut Butter & Jelly Sammich", "price": "2.50", "description": "An old fashioned treat, made just like mom did it.", "image": "menu_images/2022/02/10/640px-Peanut-Butter-Jelly-Sandwich.jpg"}}, {"model": "inventory.menuitem", "pk": 6, "fields": {"name": "Chicken Fried Steak", "price": "10.00", "description": "It ain't 'country fried.' I would never fry my country.", "image": "menu_images/2022/02/10/640px-CountryFriedSteak.jpg"}}, {"model": "inventory.reciperequirement", "pk": 1, "fields": {"ingredient": 1, "menu_item": 1, "quantity": 2.0}}, {"model": "inventory.reciperequirement", "pk": 2, "fields": {"ingredient": 2, "menu_item": 1, "quantity": 1.0}}, {"model": "inventory.reciperequirement", "pk": 3, "fields": {"ingredient": 3, "menu_item": 1, "quantity": 1.0}}, {"model": "inventory.reciperequirement", "pk": 4, "fields": {"ingredient": 4, "menu_item": 2, "quantity": 5.0}}, {"model": "inventory.reciperequirement", "pk": 5, "fields": {"ingredient": 5, "menu_item": 2, "quantity": 6.0}}, {"model": "inventory.reciperequirement", "pk": 6, "fields": {"ingredient": 6, "menu_item": 2, "quantity": 6.0}}, {"model": "inventory.reciperequirement", "pk": 7, "fields": {"ingredient": 7, "menu_item": 2, "quantity": 6.0}}, {"model": "inventory.reciperequirement", "pk": 8, "fields": {"ingredient": 8, "menu_item": 2, "quantity": 6.0}}, {"model": "inventory.reciperequirement", "pk": 9, "fields": {"ingredient": 9, "menu_item": 2, "quantity": 6.0}}, {"model": "inventory.reciperequirement", "pk": 10, "fields": {"ingredient": 10, "menu_item": 3, "quantity": 8.0}}, {"model": "inventory.reciperequirement", "pk": 11, "fields": {"ingredient": 2, "menu_item": 3, "quantity": 3.0}}, {"model": "inventory.reciperequirement", "pk": 12, "fields": {"ingredient": 3, "menu_item": 3, "quantity": 2.0}}, {"model": "inventory.reciperequirement", "pk": 13, "fields": {"ingredient": 1, "menu_item": 5, "quantity": 2.0}}, {"model": "inventory.reciperequirement", "pk": 14, "fields": {"ingredient": 11, "menu_item": 5, "quantity": 2.0}}, {"model": "inventory.reciperequirement", "pk": 15, "fields": {"ingredient": 12, "menu_item": 5, "quantity": 2.0}}, {"model": "inventory.reciperequirement", "pk": 16, "fields": {"ingredient": 13, "menu_item": 6, "quantity": 1.0}}, {"model": "inventory.reciperequirement", "pk": 17, "fields": {"ingredient": 14, "menu_item": 6, "quantity": 6.0}}, {"model": "inventory.reciperequirement", "pk": 18, "fields": {"ingredient": 15, "menu_item": 4, "quantity": 100.0}}, {"model": "inventory.reciperequirement", "pk": 19, "fields": {"ingredient": 16, "menu_item": 4, "quantity": 1.0}}, {"model": "inventory.reciperequirement", "pk": 20, "fields": {"ingredient": 17, "menu_item": 4, "quantity": 1.5}}, {"model": "inventory.reciperequirement", "pk": 21, "fields": {"ingredient": 18, "menu_item": 4, "quantity": 1.0}}, {"model": "inventory.reciperequirement", "pk": 22, "fields": {"ingredient": 19, "menu_item": 4, "quantity": 6.0}}, {"model": "inventory.reciperequirement", "pk": 23, "fields": {"ingredient": 18, "menu_item": 6, "quantity": 4.0}}, {"model": "inventory.reciperequirement", "pk": 24, "fields": {"ingredient": 3, "menu_item": 6, "quantity": 1.0}}, {"model": "inventory.purchase", "pk": 1, "fields": {"menu_item": 5, "time": "2022-02-10T18:12:11.123Z"}}, {"model": "inventory.purchase", "pk": 2, "fields": {"menu_item": 6, "time": "2022-02-10T18:12:34.091Z"}}, {"model": "inventory.purchase", "pk": 3, "fields": {"menu_item": 3, "time": "2022-02-10T18:12:41.023Z"}}, {"model": "inventory.purchase", "pk": 4, "fields": {"menu_item": 6, "time": "2022-02-10T18:13:11.450Z"}}, {"model": "inventory.purchase", "pk": 5, "fields": {"menu_item": 4, "time": "2022-02-10T18:31:11.669Z"}}, {"model": "inventory.purchase", "pk": 6, "fields": {"menu_item": 2, "time": "2022-02-10T18:31:27.896Z"}}, {"model": "inventory.purchase", "pk": 7, "fields": {"menu_item": 5, "time": "2022-02-10T18:32:44.356Z"}}]